{
  "club/minnced/discord/rpc/DiscordEventHandlers": 52,
  "club/minnced/discord/rpc/DiscordEventHandlers$OnGameUpdate": 52,
  "club/minnced/discord/rpc/DiscordEventHandlers$OnJoinRequest": 52,
  "club/minnced/discord/rpc/DiscordEventHandlers$OnReady": 52,
  "club/minnced/discord/rpc/DiscordEventHandlers$OnStatus": 52,
  "club/minnced/discord/rpc/DiscordRPC": 52,
  "club/minnced/discord/rpc/DiscordRichPresence": 52,
  "club/minnced/discord/rpc/DiscordUser": 52,
  "com/bush/eventbus/annotation/EventListener": 52,
  "com/bush/eventbus/annotation/ListenerPriority": 52,
  "com/bush/eventbus/bus/EventBus": 52,
  "com/bush/eventbus/event/Event": 52,
  "com/bush/eventbus/handler/DynamicHandler": 52,
  "com/bush/eventbus/handler/Handler": 52,
  "com/bush/eventbus/handler/handlers/ASMHandler": 52,
  "com/bush/eventbus/handler/handlers/ASMHandler$1": 52,
  "com/bush/eventbus/handler/handlers/ASMHandler$ASMLoader": 52,
  "com/bush/eventbus/handler/handlers/LambdaHandler": 52,
  "com/bush/eventbus/handler/handlers/ReflectHandler": 52,
  "com/bush/eventbus/util/Util": 52,
  "me/dev/storm/DiscordPresence": 52,
  "me/dev/storm/Storm": 52,
  "me/dev/storm/event/EventHandler": 52,
  "me/dev/storm/event/EventListener": 52,
  "me/dev/storm/event/EventStage": 52,
  "me/dev/storm/event/events/BlockDestructionEvent": 52,
  "me/dev/storm/event/events/BlockEvent": 52,
  "me/dev/storm/event/events/ChatEvent": 52,
  "me/dev/storm/event/events/ClientEvent": 52,
  "me/dev/storm/event/events/ConnectionEvent": 52,
  "me/dev/storm/event/events/DeathEvent": 52,
  "me/dev/storm/event/events/JumpEvent": 52,
  "me/dev/storm/event/events/KeyEvent": 52,
  "me/dev/storm/event/events/MoveEvent": 52,
  "me/dev/storm/event/events/Packet": 52,
  "me/dev/storm/event/events/Packet$Type": 52,
  "me/dev/storm/event/events/PacketEvent": 52,
  "me/dev/storm/event/events/PacketEvent$Receive": 52,
  "me/dev/storm/event/events/PacketEvent$Send": 52,
  "me/dev/storm/event/events/PerspectiveEvent": 52,
  "me/dev/storm/event/events/PlayerDamageBlockEvent": 52,
  "me/dev/storm/event/events/ProcessRightClickBlockEvent": 52,
  "me/dev/storm/event/events/Render2DEvent": 52,
  "me/dev/storm/event/events/Render3DEvent": 52,
  "me/dev/storm/event/events/TickEvent": 52,
  "me/dev/storm/event/events/TickEvent$Post": 52,
  "me/dev/storm/event/events/TickEvent$Pre": 52,
  "me/dev/storm/event/events/TotemPopEvent": 52,
  "me/dev/storm/event/events/UpdateEvent": 52,
  "me/dev/storm/event/events/UpdateWalkingPlayerEvent": 52,
  "me/dev/storm/event/events/trollgod/MoveEvent": 52,
  "me/dev/storm/features/Feature": 52,
  "me/dev/storm/features/command/Command": 52,
  "me/dev/storm/features/command/Command$ChatMessage": 52,
  "me/dev/storm/features/command/commands/BackupCommand": 52,
  "me/dev/storm/features/command/commands/BindCommand": 52,
  "me/dev/storm/features/command/commands/ConfigCommand": 52,
  "me/dev/storm/features/command/commands/CoordCommand": 52,
  "me/dev/storm/features/command/commands/FriendCommand": 52,
  "me/dev/storm/features/command/commands/HelpCommand": 52,
  "me/dev/storm/features/command/commands/HistoryCommand": 52,
  "me/dev/storm/features/command/commands/ModuleCommand": 52,
  "me/dev/storm/features/command/commands/PrefixCommand": 52,
  "me/dev/storm/features/command/commands/ReloadCommand": 52,
  "me/dev/storm/features/command/commands/ReloadSoundCommand": 52,
  "me/dev/storm/features/command/commands/UnloadCommand": 52,
  "me/dev/storm/features/gui/StormGui": 52,
  "me/dev/storm/features/gui/StormGui$1": 52,
  "me/dev/storm/features/gui/components/Component": 52,
  "me/dev/storm/features/gui/components/Snow": 52,
  "me/dev/storm/features/gui/components/items/Item": 52,
  "me/dev/storm/features/gui/components/items/buttons/BindButton": 52,
  "me/dev/storm/features/gui/components/items/buttons/BooleanButton": 52,
  "me/dev/storm/features/gui/components/items/buttons/Button": 52,
  "me/dev/storm/features/gui/components/items/buttons/EnumButton": 52,
  "me/dev/storm/features/gui/components/items/buttons/ModuleButton": 52,
  "me/dev/storm/features/gui/components/items/buttons/PickerButton": 52,
  "me/dev/storm/features/gui/components/items/buttons/Slider": 52,
  "me/dev/storm/features/gui/components/items/buttons/StringButton": 52,
  "me/dev/storm/features/gui/components/items/buttons/StringButton$CurrentString": 52,
  "me/dev/storm/features/gui/components/items/buttons/UnlimitedSlider": 52,
  "me/dev/storm/features/gui/font/CFont": 52,
  "me/dev/storm/features/gui/font/CFont$CharData": 52,
  "me/dev/storm/features/gui/font/CustomFont": 52,
  "me/dev/storm/features/modules/Module": 52,
  "me/dev/storm/features/modules/Module$Category": 52,
  "me/dev/storm/features/modules/client/ClickGui": 52,
  "me/dev/storm/features/modules/client/ClickGui$Style": 52,
  "me/dev/storm/features/modules/client/ClickGui$rainbowMode": 52,
  "me/dev/storm/features/modules/client/ClickGui$rainbowModeArray": 52,
  "me/dev/storm/features/modules/client/Colors": 52,
  "me/dev/storm/features/modules/client/FontMod": 52,
  "me/dev/storm/features/modules/client/GuiBlur": 52,
  "me/dev/storm/features/modules/client/HUD": 52,
  "me/dev/storm/features/modules/client/HUD$RenderingMode": 52,
  "me/dev/storm/features/modules/client/Media": 52,
  "me/dev/storm/features/modules/client/ModuleColor": 52,
  "me/dev/storm/features/modules/client/Notifications": 52,
  "me/dev/storm/features/modules/client/TextRadar": 52,
  "me/dev/storm/features/modules/client/Title": 52,
  "me/dev/storm/features/modules/client/Watermark": 52,
  "me/dev/storm/features/modules/combat/AntiBurrow": 52,
  "me/dev/storm/features/modules/combat/Aura": 52,
  "me/dev/storm/features/modules/combat/Aura$RenderMode": 52,
  "me/dev/storm/features/modules/combat/AutoArmor": 52,
  "me/dev/storm/features/modules/combat/AutoCrystal": 52,
  "me/dev/storm/features/modules/combat/AutoCrystal$1": 52,
  "me/dev/storm/features/modules/combat/AutoCrystal$AntiFriendPop": 52,
  "me/dev/storm/features/modules/combat/AutoCrystal$AutoSwitch": 52,
  "me/dev/storm/features/modules/combat/AutoCrystal$DamageSync": 52,
  "me/dev/storm/features/modules/combat/AutoCrystal$Logic": 52,
  "me/dev/storm/features/modules/combat/AutoCrystal$PlaceInfo": 52,
  "me/dev/storm/features/modules/combat/AutoCrystal$PredictTimer": 52,
  "me/dev/storm/features/modules/combat/AutoCrystal$RAutoCrystal": 52,
  "me/dev/storm/features/modules/combat/AutoCrystal$Raytrace": 52,
  "me/dev/storm/features/modules/combat/AutoCrystal$Rotate": 52,
  "me/dev/storm/features/modules/combat/AutoCrystal$Settings": 52,
  "me/dev/storm/features/modules/combat/AutoCrystal$Switch": 52,
  "me/dev/storm/features/modules/combat/AutoCrystal$Target": 52,
  "me/dev/storm/features/modules/combat/AutoCrystal$ThreadMode": 52,
  "me/dev/storm/features/modules/combat/AutoCrystal$switchTimer": 52,
  "me/dev/storm/features/modules/combat/AutoMine": 52,
  "me/dev/storm/features/modules/combat/AutoMinecart": 52,
  "me/dev/storm/features/modules/combat/AutoTrap": 52,
  "me/dev/storm/features/modules/combat/AutoWeb": 52,
  "me/dev/storm/features/modules/combat/BowBomb": 52,
  "me/dev/storm/features/modules/combat/CevBreaker": 52,
  "me/dev/storm/features/modules/combat/CevBreaker$mode": 52,
  "me/dev/storm/features/modules/combat/CevBreaker$type": 52,
  "me/dev/storm/features/modules/combat/Criticals": 52,
  "me/dev/storm/features/modules/combat/HoleFiller": 52,
  "me/dev/storm/features/modules/combat/Offhand": 52,
  "me/dev/storm/features/modules/combat/Offhand$1": 52,
  "me/dev/storm/features/modules/combat/Offhand$Mode2": 52,
  "me/dev/storm/features/modules/combat/Quiver": 52,
  "me/dev/storm/features/modules/combat/SelfFill": 52,
  "me/dev/storm/features/modules/combat/Selftrap": 52,
  "me/dev/storm/features/modules/combat/SilentXP": 52,
  "me/dev/storm/features/modules/combat/SilentXP$1": 52,
  "me/dev/storm/features/modules/combat/SilentXP$Mode": 52,
  "me/dev/storm/features/modules/combat/Surround": 52,
  "me/dev/storm/features/modules/combat/autocity/InstantMine": 52,
  "me/dev/storm/features/modules/misc/AutoGG": 52,
  "me/dev/storm/features/modules/misc/BuildHeight": 52,
  "me/dev/storm/features/modules/misc/ChatModifier": 52,
  "me/dev/storm/features/modules/misc/ChatModifier$1": 52,
  "me/dev/storm/features/modules/misc/ChatModifier$Suffix": 52,
  "me/dev/storm/features/modules/misc/DurabilityAlert": 52,
  "me/dev/storm/features/modules/misc/ExtraTab": 52,
  "me/dev/storm/features/modules/misc/GodModule": 52,
  "me/dev/storm/features/modules/misc/GodModule$AttackThread": 52,
  "me/dev/storm/features/modules/misc/MCF": 52,
  "me/dev/storm/features/modules/misc/NoHandShake": 52,
  "me/dev/storm/features/modules/misc/NoHitBox": 52,
  "me/dev/storm/features/modules/misc/PayloadSpoof": 52,
  "me/dev/storm/features/modules/misc/PearlNotify": 52,
  "me/dev/storm/features/modules/misc/PopCounter": 52,
  "me/dev/storm/features/modules/misc/RPC": 52,
  "me/dev/storm/features/modules/misc/StrengthDetect": 52,
  "me/dev/storm/features/modules/misc/SwingHand": 52,
  "me/dev/storm/features/modules/misc/SwingHand$Hand": 52,
  "me/dev/storm/features/modules/misc/ToolTips": 52,
  "me/dev/storm/features/modules/misc/Tracker": 52,
  "me/dev/storm/features/modules/misc/UnfocusedCPU": 52,
  "me/dev/storm/features/modules/misc/Unicode": 52,
  "me/dev/storm/features/modules/misc/WhisperSpam": 52,
  "me/dev/storm/features/modules/misc/WhisperSpam$ChatModes": 52,
  "me/dev/storm/features/modules/movement/Anchor": 52,
  "me/dev/storm/features/modules/movement/AutoWalk": 52,
  "me/dev/storm/features/modules/movement/CityPhase": 52,
  "me/dev/storm/features/modules/movement/Clip": 52,
  "me/dev/storm/features/modules/movement/CornerClip": 52,
  "me/dev/storm/features/modules/movement/CornerClip$HMode": 52,
  "me/dev/storm/features/modules/movement/CornerClip$Mode": 52,
  "me/dev/storm/features/modules/movement/CornerClip$VMode": 52,
  "me/dev/storm/features/modules/movement/Flight": 52,
  "me/dev/storm/features/modules/movement/InstantSpeed": 52,
  "me/dev/storm/features/modules/movement/NoVoid": 52,
  "me/dev/storm/features/modules/movement/PacketFly": 52,
  "me/dev/storm/features/modules/movement/PearlBait": 52,
  "me/dev/storm/features/modules/movement/ReverseStep": 52,
  "me/dev/storm/features/modules/movement/Scaffold": 52,
  "me/dev/storm/features/modules/movement/Speed": 52,
  "me/dev/storm/features/modules/movement/Sprint": 52,
  "me/dev/storm/features/modules/movement/Sprint$1": 52,
  "me/dev/storm/features/modules/movement/Sprint$Mode": 52,
  "me/dev/storm/features/modules/movement/Step": 52,
  "me/dev/storm/features/modules/movement/TickShift": 52,
  "me/dev/storm/features/modules/movement/cityphase/TickListener": 52,
  "me/dev/storm/features/modules/player/Announcer": 52,
  "me/dev/storm/features/modules/player/CallBackup": 52,
  "me/dev/storm/features/modules/player/FakePlayer": 52,
  "me/dev/storm/features/modules/player/FastPlace": 52,
  "me/dev/storm/features/modules/player/LiquidInteract": 52,
  "me/dev/storm/features/modules/player/MCP": 52,
  "me/dev/storm/features/modules/player/MultiTask": 52,
  "me/dev/storm/features/modules/player/NameTags": 52,
  "me/dev/storm/features/modules/player/Replenish": 52,
  "me/dev/storm/features/modules/player/Speedmine": 52,
  "me/dev/storm/features/modules/player/TpsSync": 52,
  "me/dev/storm/features/modules/render/ArrowESP": 52,
  "me/dev/storm/features/modules/render/ArrowESP$1": 52,
  "me/dev/storm/features/modules/render/ArrowESP$EntityListener": 52,
  "me/dev/storm/features/modules/render/BlockHighlight": 52,
  "me/dev/storm/features/modules/render/BurrowESP": 52,
  "me/dev/storm/features/modules/render/Chams": 52,
  "me/dev/storm/features/modules/render/ChorusPredict": 52,
  "me/dev/storm/features/modules/render/DamageNumbers": 52,
  "me/dev/storm/features/modules/render/DamageNumbers$Particle": 52,
  "me/dev/storm/features/modules/render/ESP": 52,
  "me/dev/storm/features/modules/render/ExplosionChams": 52,
  "me/dev/storm/features/modules/render/ExplosionChams$Thingering": 52,
  "me/dev/storm/features/modules/render/FriskyHESP": 52,
  "me/dev/storm/features/modules/render/HandChams": 52,
  "me/dev/storm/features/modules/render/HandChams$RenderMode": 52,
  "me/dev/storm/features/modules/render/HoleESP": 52,
  "me/dev/storm/features/modules/render/HoleESP$RenderMode": 52,
  "me/dev/storm/features/modules/render/ItemPhysics": 52,
  "me/dev/storm/features/modules/render/JumpCircle": 52,
  "me/dev/storm/features/modules/render/JumpCircle$Circle": 52,
  "me/dev/storm/features/modules/render/JumpCircle$mode": 52,
  "me/dev/storm/features/modules/render/KillEffects": 52,
  "me/dev/storm/features/modules/render/ModifyCrystal": 52,
  "me/dev/storm/features/modules/render/PTargetHud": 52,
  "me/dev/storm/features/modules/render/PTargetHud$HealthColor": 52,
  "me/dev/storm/features/modules/render/PopChams": 52,
  "me/dev/storm/features/modules/render/PopChams$ElevatorMode": 52,
  "me/dev/storm/features/modules/render/PvpItems": 52,
  "me/dev/storm/features/modules/render/Skeleton": 52,
  "me/dev/storm/features/modules/render/SmallShield": 52,
  "me/dev/storm/features/modules/render/SwingAnimation": 52,
  "me/dev/storm/features/modules/render/SwingAnimation$AnimationVersion": 52,
  "me/dev/storm/features/modules/render/TargetHud": 52,
  "me/dev/storm/features/modules/render/Trails": 52,
  "me/dev/storm/features/modules/render/Trajectories": 52,
  "me/dev/storm/features/modules/render/ViewModel": 52,
  "me/dev/storm/features/modules/render/Wireframe": 52,
  "me/dev/storm/features/modules/render/Wireframe$RenderMode": 52,
  "me/dev/storm/features/modules/render/ccTargetHud/HealthColor": 52,
  "me/dev/storm/features/modules/render/jumpanim/aAnimation": 52,
  "me/dev/storm/features/setting/Bind": 52,
  "me/dev/storm/features/setting/Bind$BindConverter": 52,
  "me/dev/storm/features/setting/EnumConverter": 52,
  "me/dev/storm/features/setting/Setting": 52,
  "me/dev/storm/manager/ColorManager": 52,
  "me/dev/storm/manager/CommandManager": 52,
  "me/dev/storm/manager/CommandManager$1": 52,
  "me/dev/storm/manager/ConfigManager": 52,
  "me/dev/storm/manager/CrystalManager": 52,
  "me/dev/storm/manager/EventManager": 52,
  "me/dev/storm/manager/EventManager$1": 52,
  "me/dev/storm/manager/FileManager": 52,
  "me/dev/storm/manager/FpsManager": 52,
  "me/dev/storm/manager/FriendManager": 52,
  "me/dev/storm/manager/FriendManager$Friend": 52,
  "me/dev/storm/manager/HoleManager": 52,
  "me/dev/storm/manager/InventoryManager": 52,
  "me/dev/storm/manager/ModuleManager": 52,
  "me/dev/storm/manager/ModuleManager$Animation": 52,
  "me/dev/storm/manager/PacketManager": 52,
  "me/dev/storm/manager/PositionManager": 52,
  "me/dev/storm/manager/PotionManager": 52,
  "me/dev/storm/manager/PotionManager$PotionList": 52,
  "me/dev/storm/manager/ReloadManager": 52,
  "me/dev/storm/manager/RotationManager": 52,
  "me/dev/storm/manager/ServerManager": 52,
  "me/dev/storm/manager/SpeedManager": 52,
  "me/dev/storm/manager/TextManager": 52,
  "me/dev/storm/manager/TotemPopManager": 52,
  "me/dev/storm/mixin/StormLoader": 52,
  "me/dev/storm/mixin/mixins/IEntityLivingBase": 52,
  "me/dev/storm/mixin/mixins/MixinBlockLiquid": 52,
  "me/dev/storm/mixin/mixins/MixinEntityLivingBase": 52,
  "me/dev/storm/mixin/mixins/MixinEntityPlayer": 52,
  "me/dev/storm/mixin/mixins/MixinEntityPlayerSP": 52,
  "me/dev/storm/mixin/mixins/MixinEntityRenderer": 52,
  "me/dev/storm/mixin/mixins/MixinGuiNewChat": 52,
  "me/dev/storm/mixin/mixins/MixinGuiPlayerTabOverlay": 52,
  "me/dev/storm/mixin/mixins/MixinGuiScreen": 52,
  "me/dev/storm/mixin/mixins/MixinItemRenderer": 52,
  "me/dev/storm/mixin/mixins/MixinMinecraft": 52,
  "me/dev/storm/mixin/mixins/MixinModelPlayer": 52,
  "me/dev/storm/mixin/mixins/MixinNetworkManager": 52,
  "me/dev/storm/mixin/mixins/MixinPlayerControllerMP": 52,
  "me/dev/storm/mixin/mixins/MixinRenderEnderCrystal": 52,
  "me/dev/storm/mixin/mixins/MixinRenderEntityItem": 52,
  "me/dev/storm/mixin/mixins/MixinRenderLivingBase": 52,
  "me/dev/storm/mixin/mixins/MixinRenderer": 52,
  "me/dev/storm/mixin/mixins/MixinWorld": 52,
  "me/dev/storm/util/BlockUtil": 52,
  "me/dev/storm/util/BlockUtill": 52,
  "me/dev/storm/util/ColorHolder": 52,
  "me/dev/storm/util/ColorUtil": 52,
  "me/dev/storm/util/DamageUtil": 52,
  "me/dev/storm/util/DamageUtill": 52,
  "me/dev/storm/util/DiscordWebhook": 52,
  "me/dev/storm/util/DiscordWebhook$1": 52,
  "me/dev/storm/util/DiscordWebhook$EmbedObject": 52,
  "me/dev/storm/util/DiscordWebhook$EmbedObject$Author": 52,
  "me/dev/storm/util/DiscordWebhook$EmbedObject$Field": 52,
  "me/dev/storm/util/DiscordWebhook$EmbedObject$Footer": 52,
  "me/dev/storm/util/DiscordWebhook$EmbedObject$Image": 52,
  "me/dev/storm/util/DiscordWebhook$EmbedObject$Thumbnail": 52,
  "me/dev/storm/util/DiscordWebhook$JSONObject": 52,
  "me/dev/storm/util/DisplayUtil": 52,
  "me/dev/storm/util/DisplayUtil$Frame": 52,
  "me/dev/storm/util/EntityUtil": 52,
  "me/dev/storm/util/EntityUtil2": 52,
  "me/dev/storm/util/EntityUtill": 52,
  "me/dev/storm/util/FontCache": 52,
  "me/dev/storm/util/GLUProjection": 52,
  "me/dev/storm/util/GLUProjection$ClampMode": 52,
  "me/dev/storm/util/GLUProjection$Line": 52,
  "me/dev/storm/util/GLUProjection$Projection": 52,
  "me/dev/storm/util/GLUProjection$Projection$Type": 52,
  "me/dev/storm/util/GLUProjection$Vector3D": 52,
  "me/dev/storm/util/HoleFillUtil": 52,
  "me/dev/storm/util/ImageAWT": 52,
  "me/dev/storm/util/ImageAWT$CharLocation": 52,
  "me/dev/storm/util/InventoryUtil": 52,
  "me/dev/storm/util/InventoryUtil$1": 52,
  "me/dev/storm/util/InventoryUtil$Switch": 52,
  "me/dev/storm/util/InventoryUtil$Task": 52,
  "me/dev/storm/util/ItemUtil": 52,
  "me/dev/storm/util/LBFontRenderer": 52,
  "me/dev/storm/util/LBFontRenderer$ColorUtils": 52,
  "me/dev/storm/util/MathUtil": 52,
  "me/dev/storm/util/MathUtill": 52,
  "me/dev/storm/util/MovementUtil": 52,
  "me/dev/storm/util/NoStackTraceThrowable": 52,
  "me/dev/storm/util/NordTessellator": 52,
  "me/dev/storm/util/ParticleGenerator": 52,
  "me/dev/storm/util/ParticleGenerator$Particle": 52,
  "me/dev/storm/util/PlayerUtil": 52,
  "me/dev/storm/util/PlayerUtil$lookUpName": 52,
  "me/dev/storm/util/PlayerUtil$lookUpUUID": 52,
  "me/dev/storm/util/RenderBuilder": 52,
  "me/dev/storm/util/RenderBuilder$Box": 52,
  "me/dev/storm/util/RenderUtil": 52,
  "me/dev/storm/util/RenderUtil$GeometryMasks": 52,
  "me/dev/storm/util/RenderUtil$GeometryMasks$Line": 52,
  "me/dev/storm/util/RenderUtil$GeometryMasks$Quad": 52,
  "me/dev/storm/util/RenderUtil$RenderTesselator": 52,
  "me/dev/storm/util/RenderUtill": 52,
  "me/dev/storm/util/RenderUtill$GeometryMasks": 52,
  "me/dev/storm/util/RenderUtill$GeometryMasks$Line": 52,
  "me/dev/storm/util/RenderUtill$GeometryMasks$Quad": 52,
  "me/dev/storm/util/RenderUtill$RenderTesselator": 52,
  "me/dev/storm/util/RotationUtil": 52,
  "me/dev/storm/util/SnowUtil": 52,
  "me/dev/storm/util/SystemUtil": 52,
  "me/dev/storm/util/TestUtil": 52,
  "me/dev/storm/util/TextUtil": 52,
  "me/dev/storm/util/TextUtil$1": 52,
  "me/dev/storm/util/TextUtil$Color": 52,
  "me/dev/storm/util/Timer": 52,
  "me/dev/storm/util/TotemPopChams": 52,
  "me/dev/storm/util/Util": 52,
  "me/dev/storm/util/VersionReader": 52,
  "me/dev/storm/util/render/ColorUtil": 52,
  "me/dev/storm/util/render/ColorUtil$ColorName": 52,
  "me/dev/storm/util/render/ColorUtil$Colors": 52,
  "me/dev/storm/util/render/RenderUtil": 52,
  "me/dev/storm/util/trollhack/BlockUtil": 52,
  "me/dev/storm/util/trollhack/BlockUtil$ClickLocation": 52,
  "me/dev/storm/util/trollhack/ColorUtil": 52,
  "me/dev/storm/util/trollhack/EntityUtil": 52,
  "me/dev/storm/util/trollhack/EntityUtil$1": 52,
  "me/dev/storm/util/trollhack/FadeUtils": 52,
  "me/dev/storm/util/trollhack/InventoryUtil": 52,
  "me/dev/storm/util/trollhack/InventoryUtil$1": 52,
  "me/dev/storm/util/trollhack/InventoryUtil$Switch": 52,
  "me/dev/storm/util/trollhack/InventoryUtil$Task": 52,
  "me/dev/storm/util/trollhack/ModuleManifest": 52,
  "me/dev/storm/util/trollhack/RenderUtil": 52,
  "me/dev/storm/util/trollhack/RenderUtil$GeometryMasks": 52,
  "me/dev/storm/util/trollhack/RenderUtil$GeometryMasks$Line": 52,
  "me/dev/storm/util/trollhack/RenderUtil$GeometryMasks$Quad": 52,
  "me/dev/storm/util/trollhack/RenderUtil$RenderTesselator": 52,
  "me/dev/storm/util/trollhack/RenderUtil2": 52,
  "me/dev/storm/util/trollhack/RenderUtil2$1": 52,
  "me/dev/storm/util/trollhack/RenderUtil2$GeometryMasks": 52,
  "me/dev/storm/util/trollhack/RenderUtil2$GeometryMasks$Line": 52,
  "me/dev/storm/util/trollhack/RenderUtil2$GeometryMasks$Quad": 52,
  "me/dev/storm/util/trollhack/RenderUtil2$RenderTesselator": 52,
  "me/dev/storm/util/trollhack/RenderUtil3": 52,
  "me/dev/storm/util/trollhack/RenderUtil3$GeometryMasks": 52,
  "me/dev/storm/util/trollhack/RenderUtil3$GeometryMasks$Line": 52,
  "me/dev/storm/util/trollhack/RenderUtil3$GeometryMasks$Quad": 52,
  "me/dev/storm/util/trollhack/RenderUtil3$RenderTesselator": 52,
  "me/dev/storm/util/trollhack/RotationUtil": 52,
  "me/dev/storm/util/trollhack/Timer": 52,
  "org/json/simple/ItemList": 46,
  "org/json/simple/JSONArray": 46,
  "org/json/simple/JSONAware": 46,
  "org/json/simple/JSONObject": 46,
  "org/json/simple/JSONStreamAware": 46,
  "org/json/simple/JSONValue": 46,
  "org/json/simple/parser/ContainerFactory": 46,
  "org/json/simple/parser/ContentHandler": 46,
  "org/json/simple/parser/JSONParser": 46,
  "org/json/simple/parser/ParseException": 46,
  "org/json/simple/parser/Yylex": 46,
  "org/json/simple/parser/Yytoken": 46,
  "org/spongepowered/asm/bridge/RemapperAdapter": 50,
  "org/spongepowered/asm/bridge/RemapperAdapterFML": 50,
  "org/spongepowered/asm/launch/GlobalProperties": 50,
  "org/spongepowered/asm/launch/GlobalProperties$Keys": 50,
  "org/spongepowered/asm/launch/MixinBootstrap": 50,
  "org/spongepowered/asm/launch/MixinInitialisationError": 50,
  "org/spongepowered/asm/launch/MixinTweaker": 50,
  "org/spongepowered/asm/launch/platform/IMixinPlatformAgent": 50,
  "org/spongepowered/asm/launch/platform/MainAttributes": 50,
  "org/spongepowered/asm/launch/platform/MixinContainer": 50,
  "org/spongepowered/asm/launch/platform/MixinPlatformAgentAbstract": 50,
  "org/spongepowered/asm/launch/platform/MixinPlatformAgentDefault": 50,
  "org/spongepowered/asm/launch/platform/MixinPlatformAgentFML": 50,
  "org/spongepowered/asm/launch/platform/MixinPlatformManager": 50,
  "org/spongepowered/asm/lib/AnnotationVisitor": 49,
  "org/spongepowered/asm/lib/AnnotationWriter": 49,
  "org/spongepowered/asm/lib/Attribute": 49,
  "org/spongepowered/asm/lib/ByteVector": 49,
  "org/spongepowered/asm/lib/ClassReader": 49,
  "org/spongepowered/asm/lib/ClassVisitor": 49,
  "org/spongepowered/asm/lib/ClassWriter": 49,
  "org/spongepowered/asm/lib/Context": 49,
  "org/spongepowered/asm/lib/CurrentFrame": 49,
  "org/spongepowered/asm/lib/Edge": 49,
  "org/spongepowered/asm/lib/FieldVisitor": 49,
  "org/spongepowered/asm/lib/FieldWriter": 49,
  "org/spongepowered/asm/lib/Frame": 49,
  "org/spongepowered/asm/lib/Handle": 49,
  "org/spongepowered/asm/lib/Handler": 49,
  "org/spongepowered/asm/lib/Item": 49,
  "org/spongepowered/asm/lib/Label": 49,
  "org/spongepowered/asm/lib/MethodVisitor": 49,
  "org/spongepowered/asm/lib/MethodWriter": 49,
  "org/spongepowered/asm/lib/Opcodes": 49,
  "org/spongepowered/asm/lib/Type": 49,
  "org/spongepowered/asm/lib/TypePath": 49,
  "org/spongepowered/asm/lib/TypeReference": 49,
  "org/spongepowered/asm/lib/commons/AnnotationRemapper": 49,
  "org/spongepowered/asm/lib/commons/ClassRemapper": 49,
  "org/spongepowered/asm/lib/commons/FieldRemapper": 49,
  "org/spongepowered/asm/lib/commons/MethodRemapper": 49,
  "org/spongepowered/asm/lib/commons/Remapper": 49,
  "org/spongepowered/asm/lib/commons/SignatureRemapper": 49,
  "org/spongepowered/asm/lib/commons/SimpleRemapper": 49,
  "org/spongepowered/asm/lib/signature/SignatureReader": 49,
  "org/spongepowered/asm/lib/signature/SignatureVisitor": 49,
  "org/spongepowered/asm/lib/signature/SignatureWriter": 49,
  "org/spongepowered/asm/lib/tree/AbstractInsnNode": 49,
  "org/spongepowered/asm/lib/tree/AnnotationNode": 49,
  "org/spongepowered/asm/lib/tree/ClassNode": 49,
  "org/spongepowered/asm/lib/tree/FieldInsnNode": 49,
  "org/spongepowered/asm/lib/tree/FieldNode": 49,
  "org/spongepowered/asm/lib/tree/FrameNode": 49,
  "org/spongepowered/asm/lib/tree/IincInsnNode": 49,
  "org/spongepowered/asm/lib/tree/InnerClassNode": 49,
  "org/spongepowered/asm/lib/tree/InsnList": 49,
  "org/spongepowered/asm/lib/tree/InsnList$InsnListIterator": 49,
  "org/spongepowered/asm/lib/tree/InsnNode": 49,
  "org/spongepowered/asm/lib/tree/IntInsnNode": 49,
  "org/spongepowered/asm/lib/tree/InvokeDynamicInsnNode": 49,
  "org/spongepowered/asm/lib/tree/JumpInsnNode": 49,
  "org/spongepowered/asm/lib/tree/LabelNode": 49,
  "org/spongepowered/asm/lib/tree/LdcInsnNode": 49,
  "org/spongepowered/asm/lib/tree/LineNumberNode": 49,
  "org/spongepowered/asm/lib/tree/LocalVariableAnnotationNode": 49,
  "org/spongepowered/asm/lib/tree/LocalVariableNode": 49,
  "org/spongepowered/asm/lib/tree/LookupSwitchInsnNode": 49,
  "org/spongepowered/asm/lib/tree/MethodInsnNode": 49,
  "org/spongepowered/asm/lib/tree/MethodNode": 49,
  "org/spongepowered/asm/lib/tree/MethodNode$1": 49,
  "org/spongepowered/asm/lib/tree/MultiANewArrayInsnNode": 49,
  "org/spongepowered/asm/lib/tree/ParameterNode": 49,
  "org/spongepowered/asm/lib/tree/TableSwitchInsnNode": 49,
  "org/spongepowered/asm/lib/tree/TryCatchBlockNode": 49,
  "org/spongepowered/asm/lib/tree/TypeAnnotationNode": 49,
  "org/spongepowered/asm/lib/tree/TypeInsnNode": 49,
  "org/spongepowered/asm/lib/tree/VarInsnNode": 49,
  "org/spongepowered/asm/lib/tree/analysis/Analyzer": 49,
  "org/spongepowered/asm/lib/tree/analysis/AnalyzerException": 49,
  "org/spongepowered/asm/lib/tree/analysis/BasicInterpreter": 49,
  "org/spongepowered/asm/lib/tree/analysis/BasicValue": 49,
  "org/spongepowered/asm/lib/tree/analysis/BasicVerifier": 49,
  "org/spongepowered/asm/lib/tree/analysis/Frame": 49,
  "org/spongepowered/asm/lib/tree/analysis/Interpreter": 49,
  "org/spongepowered/asm/lib/tree/analysis/SimpleVerifier": 49,
  "org/spongepowered/asm/lib/tree/analysis/SmallSet": 49,
  "org/spongepowered/asm/lib/tree/analysis/SourceInterpreter": 49,
  "org/spongepowered/asm/lib/tree/analysis/SourceValue": 49,
  "org/spongepowered/asm/lib/tree/analysis/Subroutine": 49,
  "org/spongepowered/asm/lib/tree/analysis/Value": 49,
  "org/spongepowered/asm/lib/util/ASMifiable": 49,
  "org/spongepowered/asm/lib/util/ASMifier": 49,
  "org/spongepowered/asm/lib/util/CheckAnnotationAdapter": 49,
  "org/spongepowered/asm/lib/util/CheckClassAdapter": 49,
  "org/spongepowered/asm/lib/util/CheckFieldAdapter": 49,
  "org/spongepowered/asm/lib/util/CheckMethodAdapter": 49,
  "org/spongepowered/asm/lib/util/CheckMethodAdapter$1": 49,
  "org/spongepowered/asm/lib/util/CheckSignatureAdapter": 49,
  "org/spongepowered/asm/lib/util/Printer": 49,
  "org/spongepowered/asm/lib/util/Textifiable": 49,
  "org/spongepowered/asm/lib/util/Textifier": 49,
  "org/spongepowered/asm/lib/util/TraceAnnotationVisitor": 49,
  "org/spongepowered/asm/lib/util/TraceClassVisitor": 49,
  "org/spongepowered/asm/lib/util/TraceFieldVisitor": 49,
  "org/spongepowered/asm/lib/util/TraceMethodVisitor": 49,
  "org/spongepowered/asm/lib/util/TraceSignatureVisitor": 49,
  "org/spongepowered/asm/mixin/Debug": 50,
  "org/spongepowered/asm/mixin/Dynamic": 50,
  "org/spongepowered/asm/mixin/EnvironmentStateTweaker": 50,
  "org/spongepowered/asm/mixin/Final": 50,
  "org/spongepowered/asm/mixin/Implements": 50,
  "org/spongepowered/asm/mixin/Interface": 50,
  "org/spongepowered/asm/mixin/Interface$Remap": 50,
  "org/spongepowered/asm/mixin/Intrinsic": 50,
  "org/spongepowered/asm/mixin/Mixin": 50,
  "org/spongepowered/asm/mixin/MixinEnvironment": 50,
  "org/spongepowered/asm/mixin/MixinEnvironment$1": 50,
  "org/spongepowered/asm/mixin/MixinEnvironment$CompatibilityLevel": 50,
  "org/spongepowered/asm/mixin/MixinEnvironment$CompatibilityLevel$1": 50,
  "org/spongepowered/asm/mixin/MixinEnvironment$CompatibilityLevel$2": 50,
  "org/spongepowered/asm/mixin/MixinEnvironment$CompatibilityLevel$3": 50,
  "org/spongepowered/asm/mixin/MixinEnvironment$MixinLogWatcher": 50,
  "org/spongepowered/asm/mixin/MixinEnvironment$MixinLogWatcher$MixinAppender": 50,
  "org/spongepowered/asm/mixin/MixinEnvironment$Option": 50,
  "org/spongepowered/asm/mixin/MixinEnvironment$Option$Inherit": 50,
  "org/spongepowered/asm/mixin/MixinEnvironment$Phase": 50,
  "org/spongepowered/asm/mixin/MixinEnvironment$Side": 50,
  "org/spongepowered/asm/mixin/MixinEnvironment$Side$1": 50,
  "org/spongepowered/asm/mixin/MixinEnvironment$Side$2": 50,
  "org/spongepowered/asm/mixin/MixinEnvironment$Side$3": 50,
  "org/spongepowered/asm/mixin/MixinEnvironment$TokenProviderWrapper": 50,
  "org/spongepowered/asm/mixin/Mixins": 50,
  "org/spongepowered/asm/mixin/Mutable": 50,
  "org/spongepowered/asm/mixin/Overwrite": 50,
  "org/spongepowered/asm/mixin/Pseudo": 50,
  "org/spongepowered/asm/mixin/Shadow": 50,
  "org/spongepowered/asm/mixin/SoftOverride": 50,
  "org/spongepowered/asm/mixin/Unique": 50,
  "org/spongepowered/asm/mixin/extensibility/IEnvironmentTokenProvider": 50,
  "org/spongepowered/asm/mixin/extensibility/IMixinConfig": 50,
  "org/spongepowered/asm/mixin/extensibility/IMixinConfigPlugin": 50,
  "org/spongepowered/asm/mixin/extensibility/IMixinErrorHandler": 50,
  "org/spongepowered/asm/mixin/extensibility/IMixinErrorHandler$ErrorAction": 50,
  "org/spongepowered/asm/mixin/extensibility/IMixinInfo": 50,
  "org/spongepowered/asm/mixin/extensibility/IRemapper": 50,
  "org/spongepowered/asm/mixin/gen/Accessor": 50,
  "org/spongepowered/asm/mixin/gen/AccessorGenerator": 50,
  "org/spongepowered/asm/mixin/gen/AccessorGeneratorField": 50,
  "org/spongepowered/asm/mixin/gen/AccessorGeneratorFieldGetter": 50,
  "org/spongepowered/asm/mixin/gen/AccessorGeneratorFieldSetter": 50,
  "org/spongepowered/asm/mixin/gen/AccessorGeneratorMethodProxy": 50,
  "org/spongepowered/asm/mixin/gen/AccessorInfo": 50,
  "org/spongepowered/asm/mixin/gen/AccessorInfo$1": 50,
  "org/spongepowered/asm/mixin/gen/AccessorInfo$AccessorType": 50,
  "org/spongepowered/asm/mixin/gen/AccessorInfo$AccessorType$1": 50,
  "org/spongepowered/asm/mixin/gen/AccessorInfo$AccessorType$2": 50,
  "org/spongepowered/asm/mixin/gen/AccessorInfo$AccessorType$3": 50,
  "org/spongepowered/asm/mixin/gen/Invoker": 50,
  "org/spongepowered/asm/mixin/gen/InvokerInfo": 50,
  "org/spongepowered/asm/mixin/gen/throwables/InvalidAccessorException": 50,
  "org/spongepowered/asm/mixin/injection/At": 50,
  "org/spongepowered/asm/mixin/injection/At$Shift": 50,
  "org/spongepowered/asm/mixin/injection/Coerce": 50,
  "org/spongepowered/asm/mixin/injection/Constant": 50,
  "org/spongepowered/asm/mixin/injection/Constant$Condition": 50,
  "org/spongepowered/asm/mixin/injection/Group": 50,
  "org/spongepowered/asm/mixin/injection/IInjectionPointContext": 50,
  "org/spongepowered/asm/mixin/injection/Inject": 50,
  "org/spongepowered/asm/mixin/injection/InjectionPoint": 50,
  "org/spongepowered/asm/mixin/injection/InjectionPoint$AtCode": 50,
  "org/spongepowered/asm/mixin/injection/InjectionPoint$CompositeInjectionPoint": 50,
  "org/spongepowered/asm/mixin/injection/InjectionPoint$Intersection": 50,
  "org/spongepowered/asm/mixin/injection/InjectionPoint$Selector": 50,
  "org/spongepowered/asm/mixin/injection/InjectionPoint$Shift": 50,
  "org/spongepowered/asm/mixin/injection/InjectionPoint$ShiftByViolationBehaviour": 50,
  "org/spongepowered/asm/mixin/injection/InjectionPoint$Union": 50,
  "org/spongepowered/asm/mixin/injection/ModifyArg": 50,
  "org/spongepowered/asm/mixin/injection/ModifyArgs": 50,
  "org/spongepowered/asm/mixin/injection/ModifyConstant": 50,
  "org/spongepowered/asm/mixin/injection/ModifyVariable": 50,
  "org/spongepowered/asm/mixin/injection/Redirect": 50,
  "org/spongepowered/asm/mixin/injection/Slice": 50,
  "org/spongepowered/asm/mixin/injection/Surrogate": 50,
  "org/spongepowered/asm/mixin/injection/callback/CallbackInfo": 50,
  "org/spongepowered/asm/mixin/injection/callback/CallbackInfoReturnable": 50,
  "org/spongepowered/asm/mixin/injection/callback/CallbackInjector": 50,
  "org/spongepowered/asm/mixin/injection/callback/CallbackInjector$1": 50,
  "org/spongepowered/asm/mixin/injection/callback/CallbackInjector$Callback": 50,
  "org/spongepowered/asm/mixin/injection/callback/Cancellable": 50,
  "org/spongepowered/asm/mixin/injection/callback/CancellationException": 50,
  "org/spongepowered/asm/mixin/injection/callback/LocalCapture": 50,
  "org/spongepowered/asm/mixin/injection/code/ISliceContext": 50,
  "org/spongepowered/asm/mixin/injection/code/Injector": 50,
  "org/spongepowered/asm/mixin/injection/code/Injector$TargetNode": 50,
  "org/spongepowered/asm/mixin/injection/code/InjectorTarget": 50,
  "org/spongepowered/asm/mixin/injection/code/MethodSlice": 50,
  "org/spongepowered/asm/mixin/injection/code/MethodSlice$InsnListSlice": 50,
  "org/spongepowered/asm/mixin/injection/code/MethodSlice$InsnListSlice$SliceIterator": 50,
  "org/spongepowered/asm/mixin/injection/code/MethodSlices": 50,
  "org/spongepowered/asm/mixin/injection/code/ReadOnlyInsnList": 50,
  "org/spongepowered/asm/mixin/injection/invoke/InvokeInjector": 50,
  "org/spongepowered/asm/mixin/injection/invoke/ModifyArgInjector": 50,
  "org/spongepowered/asm/mixin/injection/invoke/ModifyArgsInjector": 50,
  "org/spongepowered/asm/mixin/injection/invoke/ModifyConstantInjector": 50,
  "org/spongepowered/asm/mixin/injection/invoke/RedirectInjector": 50,
  "org/spongepowered/asm/mixin/injection/invoke/RedirectInjector$ConstructorRedirectData": 50,
  "org/spongepowered/asm/mixin/injection/invoke/RedirectInjector$Meta": 50,
  "org/spongepowered/asm/mixin/injection/invoke/RedirectInjector$RedirectedInvoke": 50,
  "org/spongepowered/asm/mixin/injection/invoke/arg/Args": 50,
  "org/spongepowered/asm/mixin/injection/invoke/arg/ArgsClassGenerator": 50,
  "org/spongepowered/asm/mixin/injection/invoke/arg/ArgumentCountException": 50,
  "org/spongepowered/asm/mixin/injection/invoke/arg/ArgumentIndexOutOfBoundsException": 50,
  "org/spongepowered/asm/mixin/injection/invoke/util/InsnFinder": 50,
  "org/spongepowered/asm/mixin/injection/invoke/util/InsnFinder$AnalysisResultException": 50,
  "org/spongepowered/asm/mixin/injection/invoke/util/InsnFinder$AnalyzerState": 50,
  "org/spongepowered/asm/mixin/injection/invoke/util/InsnFinder$PopAnalyzer": 50,
  "org/spongepowered/asm/mixin/injection/invoke/util/InsnFinder$PopAnalyzer$PopFrame": 50,
  "org/spongepowered/asm/mixin/injection/modify/AfterStoreLocal": 50,
  "org/spongepowered/asm/mixin/injection/modify/BeforeLoadLocal": 50,
  "org/spongepowered/asm/mixin/injection/modify/BeforeLoadLocal$SearchState": 50,
  "org/spongepowered/asm/mixin/injection/modify/InvalidImplicitDiscriminatorException": 50,
  "org/spongepowered/asm/mixin/injection/modify/LocalVariableDiscriminator": 50,
  "org/spongepowered/asm/mixin/injection/modify/LocalVariableDiscriminator$Context": 50,
  "org/spongepowered/asm/mixin/injection/modify/LocalVariableDiscriminator$Context$Local": 50,
  "org/spongepowered/asm/mixin/injection/modify/ModifyVariableInjector": 50,
  "org/spongepowered/asm/mixin/injection/modify/ModifyVariableInjector$Context": 50,
  "org/spongepowered/asm/mixin/injection/modify/ModifyVariableInjector$ContextualInjectionPoint": 50,
  "org/spongepowered/asm/mixin/injection/points/AfterInvoke": 50,
  "org/spongepowered/asm/mixin/injection/points/BeforeConstant": 50,
  "org/spongepowered/asm/mixin/injection/points/BeforeFieldAccess": 50,
  "org/spongepowered/asm/mixin/injection/points/BeforeFinalReturn": 50,
  "org/spongepowered/asm/mixin/injection/points/BeforeInvoke": 50,
  "org/spongepowered/asm/mixin/injection/points/BeforeInvoke$SearchType": 50,
  "org/spongepowered/asm/mixin/injection/points/BeforeNew": 50,
  "org/spongepowered/asm/mixin/injection/points/BeforeReturn": 50,
  "org/spongepowered/asm/mixin/injection/points/BeforeStringInvoke": 50,
  "org/spongepowered/asm/mixin/injection/points/JumpInsnPoint": 50,
  "org/spongepowered/asm/mixin/injection/points/MethodHead": 50,
  "org/spongepowered/asm/mixin/injection/struct/CallbackInjectionInfo": 50,
  "org/spongepowered/asm/mixin/injection/struct/InjectionInfo": 50,
  "org/spongepowered/asm/mixin/injection/struct/InjectionNodes": 50,
  "org/spongepowered/asm/mixin/injection/struct/InjectionNodes$InjectionNode": 50,
  "org/spongepowered/asm/mixin/injection/struct/InjectionPointData": 50,
  "org/spongepowered/asm/mixin/injection/struct/InjectorGroupInfo": 50,
  "org/spongepowered/asm/mixin/injection/struct/InjectorGroupInfo$Map": 50,
  "org/spongepowered/asm/mixin/injection/struct/InvalidMemberDescriptorException": 50,
  "org/spongepowered/asm/mixin/injection/struct/MemberInfo": 50,
  "org/spongepowered/asm/mixin/injection/struct/ModifyArgInjectionInfo": 50,
  "org/spongepowered/asm/mixin/injection/struct/ModifyArgsInjectionInfo": 50,
  "org/spongepowered/asm/mixin/injection/struct/ModifyConstantInjectionInfo": 50,
  "org/spongepowered/asm/mixin/injection/struct/ModifyVariableInjectionInfo": 50,
  "org/spongepowered/asm/mixin/injection/struct/RedirectInjectionInfo": 50,
  "org/spongepowered/asm/mixin/injection/struct/Target": 50,
  "org/spongepowered/asm/mixin/injection/throwables/InjectionError": 50,
  "org/spongepowered/asm/mixin/injection/throwables/InjectionValidationException": 50,
  "org/spongepowered/asm/mixin/injection/throwables/InvalidInjectionException": 50,
  "org/spongepowered/asm/mixin/injection/throwables/InvalidInjectionPointException": 50,
  "org/spongepowered/asm/mixin/injection/throwables/InvalidSliceException": 50,
  "org/spongepowered/asm/mixin/refmap/IMixinContext": 50,
  "org/spongepowered/asm/mixin/refmap/IReferenceMapper": 50,
  "org/spongepowered/asm/mixin/refmap/ReferenceMapper": 50,
  "org/spongepowered/asm/mixin/refmap/RemappingReferenceMapper": 50,
  "org/spongepowered/asm/mixin/refmap/RemappingReferenceMapper$1": 50,
  "org/spongepowered/asm/mixin/struct/MemberRef": 50,
  "org/spongepowered/asm/mixin/struct/MemberRef$Field": 50,
  "org/spongepowered/asm/mixin/struct/MemberRef$Handle": 50,
  "org/spongepowered/asm/mixin/struct/MemberRef$Method": 50,
  "org/spongepowered/asm/mixin/struct/SourceMap": 50,
  "org/spongepowered/asm/mixin/struct/SourceMap$File": 50,
  "org/spongepowered/asm/mixin/struct/SourceMap$Stratum": 50,
  "org/spongepowered/asm/mixin/struct/SpecialMethodInfo": 50,
  "org/spongepowered/asm/mixin/throwables/ClassAlreadyLoadedException": 50,
  "org/spongepowered/asm/mixin/throwables/MixinApplyError": 50,
  "org/spongepowered/asm/mixin/throwables/MixinException": 50,
  "org/spongepowered/asm/mixin/throwables/MixinPrepareError": 50,
  "org/spongepowered/asm/mixin/transformer/ClassContext": 50,
  "org/spongepowered/asm/mixin/transformer/ClassInfo": 50,
  "org/spongepowered/asm/mixin/transformer/ClassInfo$Field": 50,
  "org/spongepowered/asm/mixin/transformer/ClassInfo$FrameData": 50,
  "org/spongepowered/asm/mixin/transformer/ClassInfo$InterfaceMethod": 50,
  "org/spongepowered/asm/mixin/transformer/ClassInfo$Member": 50,
  "org/spongepowered/asm/mixin/transformer/ClassInfo$Member$Type": 50,
  "org/spongepowered/asm/mixin/transformer/ClassInfo$Method": 50,
  "org/spongepowered/asm/mixin/transformer/ClassInfo$SearchType": 50,
  "org/spongepowered/asm/mixin/transformer/ClassInfo$Traversal": 50,
  "org/spongepowered/asm/mixin/transformer/Config": 50,
  "org/spongepowered/asm/mixin/transformer/InnerClassGenerator": 50,
  "org/spongepowered/asm/mixin/transformer/InnerClassGenerator$InnerClassAdapter": 50,
  "org/spongepowered/asm/mixin/transformer/InnerClassGenerator$InnerClassInfo": 50,
  "org/spongepowered/asm/mixin/transformer/InterfaceInfo": 50,
  "org/spongepowered/asm/mixin/transformer/MethodMapper": 50,
  "org/spongepowered/asm/mixin/transformer/MixinApplicatorInterface": 50,
  "org/spongepowered/asm/mixin/transformer/MixinApplicatorStandard": 50,
  "org/spongepowered/asm/mixin/transformer/MixinApplicatorStandard$1": 50,
  "org/spongepowered/asm/mixin/transformer/MixinApplicatorStandard$ApplicatorPass": 50,
  "org/spongepowered/asm/mixin/transformer/MixinApplicatorStandard$InitialiserInjectionMode": 50,
  "org/spongepowered/asm/mixin/transformer/MixinApplicatorStandard$Range": 50,
  "org/spongepowered/asm/mixin/transformer/MixinConfig": 50,
  "org/spongepowered/asm/mixin/transformer/MixinConfig$1": 50,
  "org/spongepowered/asm/mixin/transformer/MixinConfig$IListener": 50,
  "org/spongepowered/asm/mixin/transformer/MixinConfig$InjectorOptions": 50,
  "org/spongepowered/asm/mixin/transformer/MixinConfig$OverwriteOptions": 50,
  "org/spongepowered/asm/mixin/transformer/MixinInfo": 50,
  "org/spongepowered/asm/mixin/transformer/MixinInfo$1": 50,
  "org/spongepowered/asm/mixin/transformer/MixinInfo$2": 50,
  "org/spongepowered/asm/mixin/transformer/MixinInfo$MixinClassNode": 50,
  "org/spongepowered/asm/mixin/transformer/MixinInfo$MixinMethodNode": 50,
  "org/spongepowered/asm/mixin/transformer/MixinInfo$Reloaded": 50,
  "org/spongepowered/asm/mixin/transformer/MixinInfo$State": 50,
  "org/spongepowered/asm/mixin/transformer/MixinInfo$SubType": 50,
  "org/spongepowered/asm/mixin/transformer/MixinInfo$SubType$Accessor": 50,
  "org/spongepowered/asm/mixin/transformer/MixinInfo$SubType$Interface": 50,
  "org/spongepowered/asm/mixin/transformer/MixinInfo$SubType$Standard": 50,
  "org/spongepowered/asm/mixin/transformer/MixinPostProcessor": 50,
  "org/spongepowered/asm/mixin/transformer/MixinPostProcessor$1": 50,
  "org/spongepowered/asm/mixin/transformer/MixinPreProcessorAccessor": 50,
  "org/spongepowered/asm/mixin/transformer/MixinPreProcessorInterface": 50,
  "org/spongepowered/asm/mixin/transformer/MixinPreProcessorStandard": 50,
  "org/spongepowered/asm/mixin/transformer/MixinPreProcessorStandard$SpecialMethod": 50,
  "org/spongepowered/asm/mixin/transformer/MixinTargetContext": 50,
  "org/spongepowered/asm/mixin/transformer/MixinTransformer": 50,
  "org/spongepowered/asm/mixin/transformer/MixinTransformer$1": 50,
  "org/spongepowered/asm/mixin/transformer/MixinTransformer$ErrorPhase": 50,
  "org/spongepowered/asm/mixin/transformer/MixinTransformer$ErrorPhase$1": 50,
  "org/spongepowered/asm/mixin/transformer/MixinTransformer$ErrorPhase$2": 50,
  "org/spongepowered/asm/mixin/transformer/Proxy": 50,
  "org/spongepowered/asm/mixin/transformer/TargetClassContext": 50,
  "org/spongepowered/asm/mixin/transformer/debug/RuntimeDecompiler": 50,
  "org/spongepowered/asm/mixin/transformer/debug/RuntimeDecompiler$1": 50,
  "org/spongepowered/asm/mixin/transformer/debug/RuntimeDecompilerAsync": 50,
  "org/spongepowered/asm/mixin/transformer/ext/Extensions": 50,
  "org/spongepowered/asm/mixin/transformer/ext/IClassGenerator": 50,
  "org/spongepowered/asm/mixin/transformer/ext/IDecompiler": 50,
  "org/spongepowered/asm/mixin/transformer/ext/IExtension": 50,
  "org/spongepowered/asm/mixin/transformer/ext/IHotSwap": 50,
  "org/spongepowered/asm/mixin/transformer/ext/ITargetClassContext": 50,
  "org/spongepowered/asm/mixin/transformer/ext/extensions/ExtensionCheckClass": 50,
  "org/spongepowered/asm/mixin/transformer/ext/extensions/ExtensionCheckClass$ValidationFailedException": 50,
  "org/spongepowered/asm/mixin/transformer/ext/extensions/ExtensionCheckInterfaces": 50,
  "org/spongepowered/asm/mixin/transformer/ext/extensions/ExtensionClassExporter": 50,
  "org/spongepowered/asm/mixin/transformer/meta/MixinInner": 50,
  "org/spongepowered/asm/mixin/transformer/meta/MixinMerged": 50,
  "org/spongepowered/asm/mixin/transformer/meta/MixinRenamed": 50,
  "org/spongepowered/asm/mixin/transformer/throwables/InvalidInterfaceMixinException": 50,
  "org/spongepowered/asm/mixin/transformer/throwables/InvalidMixinException": 50,
  "org/spongepowered/asm/mixin/transformer/throwables/MixinReloadException": 50,
  "org/spongepowered/asm/mixin/transformer/throwables/MixinTargetAlreadyLoadedException": 50,
  "org/spongepowered/asm/mixin/transformer/throwables/MixinTransformerError": 50,
  "org/spongepowered/asm/obfuscation/RemapperChain": 50,
  "org/spongepowered/asm/obfuscation/mapping/IMapping": 50,
  "org/spongepowered/asm/obfuscation/mapping/IMapping$Type": 50,
  "org/spongepowered/asm/obfuscation/mapping/common/MappingField": 50,
  "org/spongepowered/asm/obfuscation/mapping/common/MappingMethod": 50,
  "org/spongepowered/asm/obfuscation/mapping/mcp/MappingFieldSrg": 50,
  "org/spongepowered/asm/service/IClassBytecodeProvider": 50,
  "org/spongepowered/asm/service/IClassProvider": 50,
  "org/spongepowered/asm/service/IGlobalPropertyService": 50,
  "org/spongepowered/asm/service/ILegacyClassTransformer": 50,
  "org/spongepowered/asm/service/IMixinService": 50,
  "org/spongepowered/asm/service/IMixinServiceBootstrap": 50,
  "org/spongepowered/asm/service/ITransformer": 50,
  "org/spongepowered/asm/service/MixinService": 50,
  "org/spongepowered/asm/service/ServiceNotAvailableError": 50,
  "org/spongepowered/asm/service/mojang/Blackboard": 50,
  "org/spongepowered/asm/service/mojang/LaunchClassLoaderUtil": 50,
  "org/spongepowered/asm/service/mojang/LegacyTransformerHandle": 50,
  "org/spongepowered/asm/service/mojang/MixinServiceLaunchWrapper": 50,
  "org/spongepowered/asm/service/mojang/MixinServiceLaunchWrapperBootstrap": 50,
  "org/spongepowered/asm/transformers/MixinClassWriter": 50,
  "org/spongepowered/asm/transformers/TreeTransformer": 50,
  "org/spongepowered/asm/util/Annotations": 50,
  "org/spongepowered/asm/util/Annotations$1": 50,
  "org/spongepowered/asm/util/Bytecode": 50,
  "org/spongepowered/asm/util/Bytecode$Visibility": 50,
  "org/spongepowered/asm/util/ClassSignature": 50,
  "org/spongepowered/asm/util/ClassSignature$IToken": 50,
  "org/spongepowered/asm/util/ClassSignature$Lazy": 50,
  "org/spongepowered/asm/util/ClassSignature$SignatureParser": 50,
  "org/spongepowered/asm/util/ClassSignature$SignatureParser$BoundElement": 50,
  "org/spongepowered/asm/util/ClassSignature$SignatureParser$FormalParamElement": 50,
  "org/spongepowered/asm/util/ClassSignature$SignatureParser$InterfaceElement": 50,
  "org/spongepowered/asm/util/ClassSignature$SignatureParser$SignatureElement": 50,
  "org/spongepowered/asm/util/ClassSignature$SignatureParser$SuperClassElement": 50,
  "org/spongepowered/asm/util/ClassSignature$SignatureParser$TokenElement": 50,
  "org/spongepowered/asm/util/ClassSignature$SignatureParser$TypeArgElement": 50,
  "org/spongepowered/asm/util/ClassSignature$SignatureRemapper": 50,
  "org/spongepowered/asm/util/ClassSignature$Token": 50,
  "org/spongepowered/asm/util/ClassSignature$TokenHandle": 50,
  "org/spongepowered/asm/util/ClassSignature$TypeVar": 50,
  "org/spongepowered/asm/util/Constants": 50,
  "org/spongepowered/asm/util/Constants$ManifestAttributes": 50,
  "org/spongepowered/asm/util/ConstraintParser": 50,
  "org/spongepowered/asm/util/ConstraintParser$Constraint": 50,
  "org/spongepowered/asm/util/Counter": 50,
  "org/spongepowered/asm/util/ITokenProvider": 50,
  "org/spongepowered/asm/util/JavaVersion": 50,
  "org/spongepowered/asm/util/Locals": 50,
  "org/spongepowered/asm/util/ObfuscationUtil": 50,
  "org/spongepowered/asm/util/ObfuscationUtil$IClassRemapper": 50,
  "org/spongepowered/asm/util/PrettyPrinter": 50,
  "org/spongepowered/asm/util/PrettyPrinter$Alignment": 50,
  "org/spongepowered/asm/util/PrettyPrinter$CentredText": 50,
  "org/spongepowered/asm/util/PrettyPrinter$Column": 50,
  "org/spongepowered/asm/util/PrettyPrinter$HorizontalRule": 50,
  "org/spongepowered/asm/util/PrettyPrinter$IPrettyPrintable": 50,
  "org/spongepowered/asm/util/PrettyPrinter$ISpecialEntry": 50,
  "org/spongepowered/asm/util/PrettyPrinter$IVariableWidthEntry": 50,
  "org/spongepowered/asm/util/PrettyPrinter$KeyValue": 50,
  "org/spongepowered/asm/util/PrettyPrinter$Row": 50,
  "org/spongepowered/asm/util/PrettyPrinter$Table": 50,
  "org/spongepowered/asm/util/ReEntranceLock": 50,
  "org/spongepowered/asm/util/SignaturePrinter": 50,
  "org/spongepowered/asm/util/VersionNumber": 50,
  "org/spongepowered/asm/util/asm/MethodVisitorEx": 50,
  "org/spongepowered/asm/util/asm/MixinVerifier": 50,
  "org/spongepowered/asm/util/perf/Profiler": 50,
  "org/spongepowered/asm/util/perf/Profiler$LiveSection": 50,
  "org/spongepowered/asm/util/perf/Profiler$Section": 50,
  "org/spongepowered/asm/util/perf/Profiler$SubSection": 50,
  "org/spongepowered/asm/util/throwables/ConstraintViolationException": 50,
  "org/spongepowered/asm/util/throwables/InvalidConstraintException": 50,
  "org/spongepowered/asm/util/throwables/LVTGeneratorException": 50,
  "org/spongepowered/asm/util/throwables/SyntheticBridgeException": 50,
  "org/spongepowered/asm/util/throwables/SyntheticBridgeException$1": 50,
  "org/spongepowered/asm/util/throwables/SyntheticBridgeException$Problem": 50,
  "org/spongepowered/tools/agent/MixinAgent": 50,
  "org/spongepowered/tools/agent/MixinAgent$Transformer": 50,
  "org/spongepowered/tools/agent/MixinAgentClassLoader": 50,
  "org/spongepowered/tools/obfuscation/AnnotatedMixin": 50,
  "org/spongepowered/tools/obfuscation/AnnotatedMixinElementHandler": 50,
  "org/spongepowered/tools/obfuscation/AnnotatedMixinElementHandler$AliasedElementName": 50,
  "org/spongepowered/tools/obfuscation/AnnotatedMixinElementHandler$AnnotatedElement": 50,
  "org/spongepowered/tools/obfuscation/AnnotatedMixinElementHandler$ShadowElementName": 50,
  "org/spongepowered/tools/obfuscation/AnnotatedMixinElementHandlerAccessor": 50,
  "org/spongepowered/tools/obfuscation/AnnotatedMixinElementHandlerAccessor$1": 50,
  "org/spongepowered/tools/obfuscation/AnnotatedMixinElementHandlerAccessor$AnnotatedElementAccessor": 50,
  "org/spongepowered/tools/obfuscation/AnnotatedMixinElementHandlerAccessor$AnnotatedElementInvoker": 50,
  "org/spongepowered/tools/obfuscation/AnnotatedMixinElementHandlerInjector": 50,
  "org/spongepowered/tools/obfuscation/AnnotatedMixinElementHandlerInjector$AnnotatedElementInjectionPoint": 50,
  "org/spongepowered/tools/obfuscation/AnnotatedMixinElementHandlerInjector$AnnotatedElementInjector": 50,
  "org/spongepowered/tools/obfuscation/AnnotatedMixinElementHandlerOverwrite": 50,
  "org/spongepowered/tools/obfuscation/AnnotatedMixinElementHandlerOverwrite$AnnotatedElementOverwrite": 50,
  "org/spongepowered/tools/obfuscation/AnnotatedMixinElementHandlerShadow": 50,
  "org/spongepowered/tools/obfuscation/AnnotatedMixinElementHandlerShadow$AnnotatedElementShadow": 50,
  "org/spongepowered/tools/obfuscation/AnnotatedMixinElementHandlerShadow$AnnotatedElementShadowField": 50,
  "org/spongepowered/tools/obfuscation/AnnotatedMixinElementHandlerShadow$AnnotatedElementShadowMethod": 50,
  "org/spongepowered/tools/obfuscation/AnnotatedMixinElementHandlerSoftImplements": 50,
  "org/spongepowered/tools/obfuscation/AnnotatedMixins": 50,
  "org/spongepowered/tools/obfuscation/Mappings": 50,
  "org/spongepowered/tools/obfuscation/Mappings$MappingConflictException": 50,
  "org/spongepowered/tools/obfuscation/Mappings$UniqueMappings": 50,
  "org/spongepowered/tools/obfuscation/MixinObfuscationProcessor": 50,
  "org/spongepowered/tools/obfuscation/MixinObfuscationProcessorInjection": 50,
  "org/spongepowered/tools/obfuscation/MixinObfuscationProcessorTargets": 50,
  "org/spongepowered/tools/obfuscation/MixinValidator": 50,
  "org/spongepowered/tools/obfuscation/ObfuscationData": 50,
  "org/spongepowered/tools/obfuscation/ObfuscationDataProvider": 50,
  "org/spongepowered/tools/obfuscation/ObfuscationEnvironment": 50,
  "org/spongepowered/tools/obfuscation/ObfuscationEnvironment$RemapperProxy": 50,
  "org/spongepowered/tools/obfuscation/ObfuscationManager": 50,
  "org/spongepowered/tools/obfuscation/ObfuscationType": 50,
  "org/spongepowered/tools/obfuscation/ReferenceManager": 50,
  "org/spongepowered/tools/obfuscation/ReferenceManager$ReferenceConflictException": 50,
  "org/spongepowered/tools/obfuscation/SupportedOptions": 50,
  "org/spongepowered/tools/obfuscation/TargetMap": 50,
  "org/spongepowered/tools/obfuscation/interfaces/IJavadocProvider": 50,
  "org/spongepowered/tools/obfuscation/interfaces/IMixinAnnotationProcessor": 50,
  "org/spongepowered/tools/obfuscation/interfaces/IMixinAnnotationProcessor$CompilerEnvironment": 50,
  "org/spongepowered/tools/obfuscation/interfaces/IMixinValidator": 50,
  "org/spongepowered/tools/obfuscation/interfaces/IMixinValidator$ValidationPass": 50,
  "org/spongepowered/tools/obfuscation/interfaces/IObfuscationDataProvider": 50,
  "org/spongepowered/tools/obfuscation/interfaces/IObfuscationEnvironment": 50,
  "org/spongepowered/tools/obfuscation/interfaces/IObfuscationManager": 50,
  "org/spongepowered/tools/obfuscation/interfaces/IOptionProvider": 50,
  "org/spongepowered/tools/obfuscation/interfaces/IReferenceManager": 50,
  "org/spongepowered/tools/obfuscation/interfaces/ITypeHandleProvider": 50,
  "org/spongepowered/tools/obfuscation/mapping/IMappingConsumer": 50,
  "org/spongepowered/tools/obfuscation/mapping/IMappingConsumer$MappingSet": 50,
  "org/spongepowered/tools/obfuscation/mapping/IMappingConsumer$MappingSet$Pair": 50,
  "org/spongepowered/tools/obfuscation/mapping/IMappingProvider": 50,
  "org/spongepowered/tools/obfuscation/mapping/IMappingWriter": 50,
  "org/spongepowered/tools/obfuscation/mapping/common/MappingProvider": 50,
  "org/spongepowered/tools/obfuscation/mapping/common/MappingWriter": 50,
  "org/spongepowered/tools/obfuscation/mapping/mcp/MappingProviderSrg": 50,
  "org/spongepowered/tools/obfuscation/mapping/mcp/MappingProviderSrg$1": 50,
  "org/spongepowered/tools/obfuscation/mapping/mcp/MappingWriterSrg": 50,
  "org/spongepowered/tools/obfuscation/mcp/ObfuscationEnvironmentMCP": 50,
  "org/spongepowered/tools/obfuscation/mcp/ObfuscationServiceMCP": 50,
  "org/spongepowered/tools/obfuscation/mirror/AnnotationHandle": 50,
  "org/spongepowered/tools/obfuscation/mirror/FieldHandle": 50,
  "org/spongepowered/tools/obfuscation/mirror/MemberHandle": 50,
  "org/spongepowered/tools/obfuscation/mirror/MethodHandle": 50,
  "org/spongepowered/tools/obfuscation/mirror/TypeHandle": 50,
  "org/spongepowered/tools/obfuscation/mirror/TypeHandleSimulated": 50,
  "org/spongepowered/tools/obfuscation/mirror/TypeReference": 50,
  "org/spongepowered/tools/obfuscation/mirror/TypeUtils": 50,
  "org/spongepowered/tools/obfuscation/mirror/TypeUtils$1": 50,
  "org/spongepowered/tools/obfuscation/mirror/Visibility": 50,
  "org/spongepowered/tools/obfuscation/mirror/mapping/ResolvableMappingMethod": 50,
  "org/spongepowered/tools/obfuscation/service/IObfuscationService": 50,
  "org/spongepowered/tools/obfuscation/service/ObfuscationServices": 50,
  "org/spongepowered/tools/obfuscation/service/ObfuscationTypeDescriptor": 50,
  "org/spongepowered/tools/obfuscation/struct/InjectorRemap": 50,
  "org/spongepowered/tools/obfuscation/struct/Message": 50,
  "org/spongepowered/tools/obfuscation/validation/ParentValidator": 50,
  "org/spongepowered/tools/obfuscation/validation/TargetValidator": 50
}