{
  "mappings": {
    "me/dev/storm/mixin/mixins/IEntityLivingBase": {
      "getArmSwingAnimationEnd": "func_82166_i()I"
    },
    "me/dev/storm/mixin/mixins/MixinEntityLivingBase": {
      "getArmSwingAnimationEnd": "Lnet/minecraft/entity/EntityLivingBase;func_82166_i()I"
    },
    "me/dev/storm/mixin/mixins/MixinRenderLivingBase": {
      "Lnet/minecraft/client/model/ModelBase;render(Lnet/minecraft/entity/Entity;FFFFFF)V": "Lnet/minecraft/client/model/ModelBase;func_78088_a(Lnet/minecraft/entity/Entity;FFFFFF)V",
      "renderModel": "Lnet/minecraft/client/renderer/entity/RenderLivingBase;func_77036_a(Lnet/minecraft/entity/EntityLivingBase;FFFFFF)V"
    },
    "me/dev/storm/mixin/mixins/MixinWorld": {
      "getEntitiesWithinAABB(Ljava/lang/Class;Lnet/minecraft/util/math/AxisAlignedBB;Lcom/google/common/base/Predicate;)Ljava/util/List;": "Lnet/minecraft/world/World;func_175647_a(Ljava/lang/Class;Lnet/minecraft/util/math/AxisAlignedBB;Lcom/google/common/base/Predicate;)Ljava/util/List;",
      "onEntityAdded": "Lnet/minecraft/world/World;func_72923_a(Lnet/minecraft/entity/Entity;)V",
      "Lnet/minecraft/world/chunk/Chunk;getEntitiesOfTypeWithinAABB(Ljava/lang/Class;Lnet/minecraft/util/math/AxisAlignedBB;Ljava/util/List;Lcom/google/common/base/Predicate;)V": "Lnet/minecraft/world/chunk/Chunk;func_177430_a(Ljava/lang/Class;Lnet/minecraft/util/math/AxisAlignedBB;Ljava/util/List;Lcom/google/common/base/Predicate;)V"
    },
    "me/dev/storm/mixin/mixins/MixinMinecraft": {
      "sendClickBlockToController": "Lnet/minecraft/client/Minecraft;func_147115_a(Z)V",
      "Lnet/minecraft/client/Minecraft;displayCrashReport(Lnet/minecraft/crash/CrashReport;)V": "Lnet/minecraft/client/Minecraft;func_71377_b(Lnet/minecraft/crash/CrashReport;)V",
      "getLimitFramerate": "Lnet/minecraft/client/Minecraft;func_90020_K()I",
      "runTickKeyboard": "Lnet/minecraft/client/Minecraft;func_184118_az()V",
      "Lnet/minecraft/client/multiplayer/PlayerControllerMP;getIsHittingBlock()Z": "Lnet/minecraft/client/multiplayer/PlayerControllerMP;func_181040_m()Z",
      "run": "Lnet/minecraft/client/Minecraft;func_99999_d()V",
      "shutdownMinecraftApplet": "Lnet/minecraft/client/Minecraft;func_71405_e()V",
      "rightClickMouse": "Lnet/minecraft/client/Minecraft;func_147121_ag()V",
      "Lnet/minecraft/client/entity/EntityPlayerSP;isHandActive()Z": "Lnet/minecraft/client/entity/EntityPlayerSP;func_184587_cr()Z"
    },
    "me/dev/storm/mixin/mixins/MixinEntityPlayer": {
      "getCooldownPeriod": "Lnet/minecraft/entity/player/EntityPlayer;func_184818_cX()F"
    },
    "me/dev/storm/mixin/mixins/MixinRenderEnderCrystal": {
      "Lnet/minecraft/client/model/ModelBase;render(Lnet/minecraft/entity/Entity;FFFFFF)V": "Lnet/minecraft/client/model/ModelBase;func_78088_a(Lnet/minecraft/entity/Entity;FFFFFF)V",
      "doRender(Lnet/minecraft/entity/item/EntityEnderCrystal;DDDFF)V": "Lnet/minecraft/client/renderer/entity/RenderEnderCrystal;func_76986_a(Lnet/minecraft/entity/item/EntityEnderCrystal;DDDFF)V"
    },
    "me/dev/storm/mixin/mixins/MixinNetworkManager": {
      "sendPacket(Lnet/minecraft/network/Packet;)V": "Lnet/minecraft/network/NetworkManager;func_179290_a(Lnet/minecraft/network/Packet;)V",
      "channelRead0": "Lnet/minecraft/network/NetworkManager;channelRead0(Lio/netty/channel/ChannelHandlerContext;Lnet/minecraft/network/Packet;)V"
    },
    "me/dev/storm/mixin/mixins/MixinModelPlayer": {
      "setRotationAngles": "Lnet/minecraft/client/model/ModelPlayer;func_78087_a(FFFFFFLnet/minecraft/entity/Entity;)V"
    },
    "me/dev/storm/mixin/mixins/MixinEntityPlayerSP": {
      "onUpdateWalkingPlayer": "Lnet/minecraft/client/entity/EntityPlayerSP;func_175161_p()V",
      "sendChatMessage": "Lnet/minecraft/client/entity/EntityPlayerSP;func_71165_d(Ljava/lang/String;)V"
    },
    "me/dev/storm/mixin/mixins/MixinGuiScreen": {
      "renderToolTip": "Lnet/minecraft/client/gui/GuiScreen;func_146285_a(Lnet/minecraft/item/ItemStack;II)V"
    },
    "me/dev/storm/mixin/mixins/MixinPlayerControllerMP": {
      "clickBlock": "Lnet/minecraft/client/multiplayer/PlayerControllerMP;func_180511_b(Lnet/minecraft/util/math/BlockPos;Lnet/minecraft/util/EnumFacing;)Z",
      "onPlayerDamageBlock": "Lnet/minecraft/client/multiplayer/PlayerControllerMP;func_180512_c(Lnet/minecraft/util/math/BlockPos;Lnet/minecraft/util/EnumFacing;)Z",
      "Lnet/minecraft/block/state/IBlockState;getPlayerRelativeBlockHardness(Lnet/minecraft/entity/player/EntityPlayer;Lnet/minecraft/world/World;Lnet/minecraft/util/math/BlockPos;)F": "Lnet/minecraft/block/state/IBlockState;func_185903_a(Lnet/minecraft/entity/player/EntityPlayer;Lnet/minecraft/world/World;Lnet/minecraft/util/math/BlockPos;)F",
      "processRightClickBlock": "Lnet/minecraft/client/multiplayer/PlayerControllerMP;func_187099_a(Lnet/minecraft/client/entity/EntityPlayerSP;Lnet/minecraft/client/multiplayer/WorldClient;Lnet/minecraft/util/math/BlockPos;Lnet/minecraft/util/EnumFacing;Lnet/minecraft/util/math/Vec3d;Lnet/minecraft/util/EnumHand;)Lnet/minecraft/util/EnumActionResult;"
    },
    "me/dev/storm/mixin/mixins/MixinGuiNewChat": {
      "drawChat": "Lnet/minecraft/client/gui/GuiNewChat;func_146230_a(I)V",
      "setChatLine": "Lnet/minecraft/client/gui/GuiNewChat;func_146237_a(Lnet/minecraft/util/text/ITextComponent;IIZ)V",
      "Lnet/minecraft/client/gui/GuiNewChat;drawRect(IIIII)V": "Lnet/minecraft/client/gui/GuiNewChat;func_73734_a(IIIII)V"
    },
    "me/dev/storm/mixin/mixins/MixinBlockLiquid": {
      "canCollideCheck": "Lnet/minecraft/block/BlockLiquid;func_176209_a(Lnet/minecraft/block/state/IBlockState;Z)Z"
    },
    "me/dev/storm/mixin/mixins/MixinGuiPlayerTabOverlay": {
      "renderPlayerlist": "Lnet/minecraft/client/gui/GuiPlayerTabOverlay;func_175249_a(ILnet/minecraft/scoreboard/Scoreboard;Lnet/minecraft/scoreboard/ScoreObjective;)V",
      "getPlayerName": "Lnet/minecraft/client/gui/GuiPlayerTabOverlay;func_175243_a(Lnet/minecraft/client/network/NetworkPlayerInfo;)Ljava/lang/String;"
    },
    "me/dev/storm/mixin/mixins/MixinItemRenderer": {
      "renderItemInFirstPerson(Lnet/minecraft/client/entity/AbstractClientPlayer;FFLnet/minecraft/util/EnumHand;FLnet/minecraft/item/ItemStack;F)V": "Lnet/minecraft/client/renderer/ItemRenderer;func_187457_a(Lnet/minecraft/client/entity/AbstractClientPlayer;FFLnet/minecraft/util/EnumHand;FLnet/minecraft/item/ItemStack;F)V",
      "renderItemSide": "Lnet/minecraft/client/renderer/ItemRenderer;func_187462_a(Lnet/minecraft/entity/EntityLivingBase;Lnet/minecraft/item/ItemStack;Lnet/minecraft/client/renderer/block/model/ItemCameraTransforms$TransformType;Z)V"
    },
    "me/dev/storm/mixin/mixins/MixinEntityRenderer": {
      "Lnet/minecraft/client/multiplayer/WorldClient;getEntitiesInAABBexcluding(Lnet/minecraft/entity/Entity;Lnet/minecraft/util/math/AxisAlignedBB;Lcom/google/common/base/Predicate;)Ljava/util/List;": "Lnet/minecraft/client/multiplayer/WorldClient;func_175674_a(Lnet/minecraft/entity/Entity;Lnet/minecraft/util/math/AxisAlignedBB;Lcom/google/common/base/Predicate;)Ljava/util/List;",
      "getMouseOver": "Lnet/minecraft/client/renderer/EntityRenderer;func_78473_a(F)V"
    }
  },
  "data": {
    "notch": {
      "me/dev/storm/mixin/mixins/IEntityLivingBase": {
        "getArmSwingAnimationEnd": "p()I"
      },
      "me/dev/storm/mixin/mixins/MixinEntityLivingBase": {
        "getArmSwingAnimationEnd": "Lvp;p()I"
      },
      "me/dev/storm/mixin/mixins/MixinRenderLivingBase": {
        "Lnet/minecraft/client/model/ModelBase;render(Lnet/minecraft/entity/Entity;FFFFFF)V": "Lbqf;a(Lvg;FFFFFF)V",
        "renderModel": "Lcaa;a(Lvp;FFFFFF)V"
      },
      "me/dev/storm/mixin/mixins/MixinWorld": {
        "getEntitiesWithinAABB(Ljava/lang/Class;Lnet/minecraft/util/math/AxisAlignedBB;Lcom/google/common/base/Predicate;)Ljava/util/List;": "Lamu;a(Ljava/lang/Class;Lbhb;Lcom/google/common/base/Predicate;)Ljava/util/List;",
        "onEntityAdded": "Lamu;b(Lvg;)V",
        "Lnet/minecraft/world/chunk/Chunk;getEntitiesOfTypeWithinAABB(Ljava/lang/Class;Lnet/minecraft/util/math/AxisAlignedBB;Ljava/util/List;Lcom/google/common/base/Predicate;)V": "Laxw;a(Ljava/lang/Class;Lbhb;Ljava/util/List;Lcom/google/common/base/Predicate;)V"
      },
      "me/dev/storm/mixin/mixins/MixinMinecraft": {
        "sendClickBlockToController": "Lbib;b(Z)V",
        "Lnet/minecraft/client/Minecraft;displayCrashReport(Lnet/minecraft/crash/CrashReport;)V": "Lbib;c(Lb;)V",
        "getLimitFramerate": "Lbib;k()I",
        "runTickKeyboard": "Lbib;aD()V",
        "Lnet/minecraft/client/multiplayer/PlayerControllerMP;getIsHittingBlock()Z": "Lbsa;m()Z",
        "run": "Lbib;a()V",
        "shutdownMinecraftApplet": "Lbib;h()V",
        "rightClickMouse": "Lbib;aB()V",
        "Lnet/minecraft/client/entity/EntityPlayerSP;isHandActive()Z": "Lbud;cG()Z"
      },
      "me/dev/storm/mixin/mixins/MixinEntityPlayer": {
        "getCooldownPeriod": "Laed;dr()F"
      },
      "me/dev/storm/mixin/mixins/MixinRenderEnderCrystal": {
        "Lnet/minecraft/client/model/ModelBase;render(Lnet/minecraft/entity/Entity;FFFFFF)V": "Lbqf;a(Lvg;FFFFFF)V",
        "doRender(Lnet/minecraft/entity/item/EntityEnderCrystal;DDDFF)V": "Lbzb;a(Labc;DDDFF)V"
      },
      "me/dev/storm/mixin/mixins/MixinNetworkManager": {
        "sendPacket(Lnet/minecraft/network/Packet;)V": "Lgw;a(Lht;)V",
        "channelRead0": "Lgw;a(Lio/netty/channel/ChannelHandlerContext;Lht;)V"
      },
      "me/dev/storm/mixin/mixins/MixinModelPlayer": {
        "setRotationAngles": "Lbqj;a(FFFFFFLvg;)V"
      },
      "me/dev/storm/mixin/mixins/MixinEntityPlayerSP": {
        "onUpdateWalkingPlayer": "Lbud;N()V",
        "sendChatMessage": "Lbud;g(Ljava/lang/String;)V"
      },
      "me/dev/storm/mixin/mixins/MixinGuiScreen": {
        "renderToolTip": "Lblk;a(Laip;II)V"
      },
      "me/dev/storm/mixin/mixins/MixinPlayerControllerMP": {
        "clickBlock": "Lbsa;a(Let;Lfa;)Z",
        "onPlayerDamageBlock": "Lbsa;b(Let;Lfa;)Z",
        "Lnet/minecraft/block/state/IBlockState;getPlayerRelativeBlockHardness(Lnet/minecraft/entity/player/EntityPlayer;Lnet/minecraft/world/World;Lnet/minecraft/util/math/BlockPos;)F": "Lawt;a(Laed;Lamu;Let;)F",
        "processRightClickBlock": "Lbsa;a(Lbud;Lbsb;Let;Lfa;Lbhe;Lub;)Lud;"
      },
      "me/dev/storm/mixin/mixins/MixinGuiNewChat": {
        "drawChat": "Lbjb;a(I)V",
        "setChatLine": "Lbjb;a(Lhh;IIZ)V",
        "Lnet/minecraft/client/gui/GuiNewChat;drawRect(IIIII)V": "Lbjb;a(IIIII)V"
      },
      "me/dev/storm/mixin/mixins/MixinBlockLiquid": {
        "canCollideCheck": "Laru;a(Lawt;Z)Z"
      },
      "me/dev/storm/mixin/mixins/MixinGuiPlayerTabOverlay": {
        "renderPlayerlist": "Lbjq;a(ILbhk;Lbhg;)V",
        "getPlayerName": "Lbjq;a(Lbsc;)Ljava/lang/String;"
      },
      "me/dev/storm/mixin/mixins/MixinItemRenderer": {
        "renderItemInFirstPerson(Lnet/minecraft/client/entity/AbstractClientPlayer;FFLnet/minecraft/util/EnumHand;FLnet/minecraft/item/ItemStack;F)V": "Lbuu;a(Lbua;FFLub;FLaip;F)V",
        "renderItemSide": "Lbuu;a(Lvp;Laip;Lbwc$b;Z)V"
      },
      "me/dev/storm/mixin/mixins/MixinEntityRenderer": {
        "Lnet/minecraft/client/multiplayer/WorldClient;getEntitiesInAABBexcluding(Lnet/minecraft/entity/Entity;Lnet/minecraft/util/math/AxisAlignedBB;Lcom/google/common/base/Predicate;)Ljava/util/List;": "Lbsb;a(Lvg;Lbhb;Lcom/google/common/base/Predicate;)Ljava/util/List;",
        "getMouseOver": "Lbuq;a(F)V"
      }
    },
    "searge": {
      "me/dev/storm/mixin/mixins/IEntityLivingBase": {
        "getArmSwingAnimationEnd": "func_82166_i()I"
      },
      "me/dev/storm/mixin/mixins/MixinEntityLivingBase": {
        "getArmSwingAnimationEnd": "Lnet/minecraft/entity/EntityLivingBase;func_82166_i()I"
      },
      "me/dev/storm/mixin/mixins/MixinRenderLivingBase": {
        "Lnet/minecraft/client/model/ModelBase;render(Lnet/minecraft/entity/Entity;FFFFFF)V": "Lnet/minecraft/client/model/ModelBase;func_78088_a(Lnet/minecraft/entity/Entity;FFFFFF)V",
        "renderModel": "Lnet/minecraft/client/renderer/entity/RenderLivingBase;func_77036_a(Lnet/minecraft/entity/EntityLivingBase;FFFFFF)V"
      },
      "me/dev/storm/mixin/mixins/MixinWorld": {
        "getEntitiesWithinAABB(Ljava/lang/Class;Lnet/minecraft/util/math/AxisAlignedBB;Lcom/google/common/base/Predicate;)Ljava/util/List;": "Lnet/minecraft/world/World;func_175647_a(Ljava/lang/Class;Lnet/minecraft/util/math/AxisAlignedBB;Lcom/google/common/base/Predicate;)Ljava/util/List;",
        "onEntityAdded": "Lnet/minecraft/world/World;func_72923_a(Lnet/minecraft/entity/Entity;)V",
        "Lnet/minecraft/world/chunk/Chunk;getEntitiesOfTypeWithinAABB(Ljava/lang/Class;Lnet/minecraft/util/math/AxisAlignedBB;Ljava/util/List;Lcom/google/common/base/Predicate;)V": "Lnet/minecraft/world/chunk/Chunk;func_177430_a(Ljava/lang/Class;Lnet/minecraft/util/math/AxisAlignedBB;Ljava/util/List;Lcom/google/common/base/Predicate;)V"
      },
      "me/dev/storm/mixin/mixins/MixinMinecraft": {
        "sendClickBlockToController": "Lnet/minecraft/client/Minecraft;func_147115_a(Z)V",
        "Lnet/minecraft/client/Minecraft;displayCrashReport(Lnet/minecraft/crash/CrashReport;)V": "Lnet/minecraft/client/Minecraft;func_71377_b(Lnet/minecraft/crash/CrashReport;)V",
        "getLimitFramerate": "Lnet/minecraft/client/Minecraft;func_90020_K()I",
        "runTickKeyboard": "Lnet/minecraft/client/Minecraft;func_184118_az()V",
        "Lnet/minecraft/client/multiplayer/PlayerControllerMP;getIsHittingBlock()Z": "Lnet/minecraft/client/multiplayer/PlayerControllerMP;func_181040_m()Z",
        "run": "Lnet/minecraft/client/Minecraft;func_99999_d()V",
        "shutdownMinecraftApplet": "Lnet/minecraft/client/Minecraft;func_71405_e()V",
        "rightClickMouse": "Lnet/minecraft/client/Minecraft;func_147121_ag()V",
        "Lnet/minecraft/client/entity/EntityPlayerSP;isHandActive()Z": "Lnet/minecraft/client/entity/EntityPlayerSP;func_184587_cr()Z"
      },
      "me/dev/storm/mixin/mixins/MixinEntityPlayer": {
        "getCooldownPeriod": "Lnet/minecraft/entity/player/EntityPlayer;func_184818_cX()F"
      },
      "me/dev/storm/mixin/mixins/MixinRenderEnderCrystal": {
        "Lnet/minecraft/client/model/ModelBase;render(Lnet/minecraft/entity/Entity;FFFFFF)V": "Lnet/minecraft/client/model/ModelBase;func_78088_a(Lnet/minecraft/entity/Entity;FFFFFF)V",
        "doRender(Lnet/minecraft/entity/item/EntityEnderCrystal;DDDFF)V": "Lnet/minecraft/client/renderer/entity/RenderEnderCrystal;func_76986_a(Lnet/minecraft/entity/item/EntityEnderCrystal;DDDFF)V"
      },
      "me/dev/storm/mixin/mixins/MixinNetworkManager": {
        "sendPacket(Lnet/minecraft/network/Packet;)V": "Lnet/minecraft/network/NetworkManager;func_179290_a(Lnet/minecraft/network/Packet;)V",
        "channelRead0": "Lnet/minecraft/network/NetworkManager;channelRead0(Lio/netty/channel/ChannelHandlerContext;Lnet/minecraft/network/Packet;)V"
      },
      "me/dev/storm/mixin/mixins/MixinModelPlayer": {
        "setRotationAngles": "Lnet/minecraft/client/model/ModelPlayer;func_78087_a(FFFFFFLnet/minecraft/entity/Entity;)V"
      },
      "me/dev/storm/mixin/mixins/MixinEntityPlayerSP": {
        "onUpdateWalkingPlayer": "Lnet/minecraft/client/entity/EntityPlayerSP;func_175161_p()V",
        "sendChatMessage": "Lnet/minecraft/client/entity/EntityPlayerSP;func_71165_d(Ljava/lang/String;)V"
      },
      "me/dev/storm/mixin/mixins/MixinGuiScreen": {
        "renderToolTip": "Lnet/minecraft/client/gui/GuiScreen;func_146285_a(Lnet/minecraft/item/ItemStack;II)V"
      },
      "me/dev/storm/mixin/mixins/MixinPlayerControllerMP": {
        "clickBlock": "Lnet/minecraft/client/multiplayer/PlayerControllerMP;func_180511_b(Lnet/minecraft/util/math/BlockPos;Lnet/minecraft/util/EnumFacing;)Z",
        "onPlayerDamageBlock": "Lnet/minecraft/client/multiplayer/PlayerControllerMP;func_180512_c(Lnet/minecraft/util/math/BlockPos;Lnet/minecraft/util/EnumFacing;)Z",
        "Lnet/minecraft/block/state/IBlockState;getPlayerRelativeBlockHardness(Lnet/minecraft/entity/player/EntityPlayer;Lnet/minecraft/world/World;Lnet/minecraft/util/math/BlockPos;)F": "Lnet/minecraft/block/state/IBlockState;func_185903_a(Lnet/minecraft/entity/player/EntityPlayer;Lnet/minecraft/world/World;Lnet/minecraft/util/math/BlockPos;)F",
        "processRightClickBlock": "Lnet/minecraft/client/multiplayer/PlayerControllerMP;func_187099_a(Lnet/minecraft/client/entity/EntityPlayerSP;Lnet/minecraft/client/multiplayer/WorldClient;Lnet/minecraft/util/math/BlockPos;Lnet/minecraft/util/EnumFacing;Lnet/minecraft/util/math/Vec3d;Lnet/minecraft/util/EnumHand;)Lnet/minecraft/util/EnumActionResult;"
      },
      "me/dev/storm/mixin/mixins/MixinGuiNewChat": {
        "drawChat": "Lnet/minecraft/client/gui/GuiNewChat;func_146230_a(I)V",
        "setChatLine": "Lnet/minecraft/client/gui/GuiNewChat;func_146237_a(Lnet/minecraft/util/text/ITextComponent;IIZ)V",
        "Lnet/minecraft/client/gui/GuiNewChat;drawRect(IIIII)V": "Lnet/minecraft/client/gui/GuiNewChat;func_73734_a(IIIII)V"
      },
      "me/dev/storm/mixin/mixins/MixinBlockLiquid": {
        "canCollideCheck": "Lnet/minecraft/block/BlockLiquid;func_176209_a(Lnet/minecraft/block/state/IBlockState;Z)Z"
      },
      "me/dev/storm/mixin/mixins/MixinGuiPlayerTabOverlay": {
        "renderPlayerlist": "Lnet/minecraft/client/gui/GuiPlayerTabOverlay;func_175249_a(ILnet/minecraft/scoreboard/Scoreboard;Lnet/minecraft/scoreboard/ScoreObjective;)V",
        "getPlayerName": "Lnet/minecraft/client/gui/GuiPlayerTabOverlay;func_175243_a(Lnet/minecraft/client/network/NetworkPlayerInfo;)Ljava/lang/String;"
      },
      "me/dev/storm/mixin/mixins/MixinItemRenderer": {
        "renderItemInFirstPerson(Lnet/minecraft/client/entity/AbstractClientPlayer;FFLnet/minecraft/util/EnumHand;FLnet/minecraft/item/ItemStack;F)V": "Lnet/minecraft/client/renderer/ItemRenderer;func_187457_a(Lnet/minecraft/client/entity/AbstractClientPlayer;FFLnet/minecraft/util/EnumHand;FLnet/minecraft/item/ItemStack;F)V",
        "renderItemSide": "Lnet/minecraft/client/renderer/ItemRenderer;func_187462_a(Lnet/minecraft/entity/EntityLivingBase;Lnet/minecraft/item/ItemStack;Lnet/minecraft/client/renderer/block/model/ItemCameraTransforms$TransformType;Z)V"
      },
      "me/dev/storm/mixin/mixins/MixinEntityRenderer": {
        "Lnet/minecraft/client/multiplayer/WorldClient;getEntitiesInAABBexcluding(Lnet/minecraft/entity/Entity;Lnet/minecraft/util/math/AxisAlignedBB;Lcom/google/common/base/Predicate;)Ljava/util/List;": "Lnet/minecraft/client/multiplayer/WorldClient;func_175674_a(Lnet/minecraft/entity/Entity;Lnet/minecraft/util/math/AxisAlignedBB;Lcom/google/common/base/Predicate;)Ljava/util/List;",
        "getMouseOver": "Lnet/minecraft/client/renderer/EntityRenderer;func_78473_a(F)V"
      }
    }
  }
}